[
  {
    "id": 1,
    "name": "Auriculares Bluetooth",
    "description": "Auriculares inalámbricos con cancelación de ruido",
    "price": 129.99,
    "createdAt": "2025-11-05T10:30:00Z",
    "updatedAt": "",
    "stock": 25,
    "category": "Electrónica",
    "status": "activo",
    "image": "/images/gato.jpg"
  },
  {
    "id": 2,
    "name": "Zapatillas Running",
    "description": "Zapatillas ligeras para entrenamiento diario",
    "price": 89.5,
    "createdAt": "2025-11-04T14:20:00Z",
    "updatedAt": "",
    "stock": 40,
    "category": "Deportes",
    "status": "activo",
    "image": "/images/gato.jpg"
  },
  {
    "id": 3,
    "name": "Mochila Antirrobo",
    "description": "Mochila con compartimentos ocultos y USB",
    "price": 59.99,
    "createdAt": "2025-11-03T09:00:00Z",
    "updatedAt": "",
    "stock": 15,
    "category": "Accesorios",
    "status": "activo",
    "image": "/images/gato.jpg"
  },
  {
    "id": 4,
    "name": "Teclado Mecánico RGB",
    "description": "Teclado con switches azules y retroiluminación",
    "price": 74.25,
    "createdAt": "2025-11-02T17:45:00Z",
    "updatedAt": "",
    "stock": 10,
    "category": "Computación",
    "status": "activo",
    "image": "/images/gato.jpg"
  },
  {
    "id": 5,
    "name": "Smartwatch Deportivo",
    "description": "Reloj inteligente con GPS y monitor cardíaco",
    "price": 149.0,
    "createdAt": "2025-11-01T12:10:00Z",
    "updatedAt": "",
    "stock": 30,
    "category": "Tecnología",
    "status": "activo",
    "image": "/images/gato.jpg"
  },
  {
    "id": 6,
    "name": "Lámpara LED Escritorio",
    "description": "Lámpara con brazo flexible y control táctil",
    "price": 39.9,
    "createdAt": "2025-10-31T08:00:00Z",
    "updatedAt": "",
    "stock": 50,
    "category": "Hogar",
    "status": "activo",
    "image": "/images/gato.jpg"
  },
  {
    "id": 7,
    "name": "Cámara Web Full HD",
    "description": "Cámara para videollamadas con micrófono integrado",
    "price": 54.75,
    "createdAt": "2025-10-30T15:30:00Z",
    "updatedAt": "",
    "stock": 20,
    "category": "Computación",
    "status": "activo",
    "image": "/images/gato.jpg"
  },
  {
    "id": 8,
    "name": "Botella Térmica 1L",
    "description": "Botella de acero inoxidable con doble pared",
    "price": 24.99,
    "createdAt": "2025-10-29T11:00:00Z",
    "updatedAt": "",
    "stock": 60,
    "category": "Hogar",
    "status": "activo",
    "image": "/images/gato.jpg"
  },
  {
    "id": 9,
    "name": "Mouse Gamer",
    "description": "Mouse con DPI ajustable y luces RGB",
    "price": 45.0,
    "createdAt": "2025-10-28T13:15:00Z",
    "updatedAt": "",
    "stock": 35,
    "category": "Tecnología",
    "status": "activo",
    "image": "/images/gato.jpg"
  },
  {
    "id": 10,
    "name": "Cargador USB-C 65W",
    "description": "Cargador rápido compatible con laptops y móviles",
    "price": 32.5,
    "createdAt": "2025-10-27T16:40:00Z",
    "updatedAt": "",
    "stock": 45,
    "category": "Accesorios",
    "status": "activo",
    "image": "/images/gato.jpg"
  },
  {
    "id": 11,
    "name": "Gafas de Sol Polarizadas",
    "description": "Protección UV y diseño deportivo",
    "price": 27.99,
    "createdAt": "2025-10-26T10:00:00Z",
    "updatedAt": "",
    "stock": 70,
    "category": "Moda",
    "status": "activo",
    "image": "/images/gato.jpg"
  },
  {
    "id": 12,
    "name": "Set de Herramientas 40 piezas",
    "description": "Kit completo para reparaciones domésticas",
    "price": 65.0,
    "createdAt": "2025-10-25T09:30:00Z",
    "updatedAt": "",
    "stock": 22,
    "category": "Herramientas",
    "status": "activo",
    "image": "/images/gato.jpg"
  },
  {
    "id": 13,
    "name": "Tablet 10 pulgadas",
    "description": "Pantalla HD, 64GB, Android 13",
    "price": 199.99,
    "createdAt": "2025-10-24T14:00:00Z",
    "updatedAt": "",
    "stock": 18,
    "category": "Tecnología",
    "status": "activo",
    "image": "/images/gato.jpg"
  },
  {
    "id": 14,
    "name": "Silla Ergonómica Oficina",
    "description": "Diseño ergonómico con soporte lumbar",
    "price": 249.0,
    "createdAt": "2025-10-23T11:45:00Z",
    "updatedAt": "",
    "stock": 12,
    "category": "Muebles",
    "status": "activo",
    "image": "/images/gato.jpg"
  },
  {
    "id": 15,
    "name": "Parlante Bluetooth Portátil",
    "description": "Sonido potente, resistente al agua",
    "price": 79.99,
    "createdAt": "2025-10-22T18:20:00Z",
    "updatedAt": "",
    "stock": 28,
    "category": "Audio",
    "status": "activo",
    "image": "/images/gato.jpg"
  }
]
